{
    "type": "minecraft:crafting_shapeless",
    "ingredients": [
        {
            "item": "minecraft:obsidian"
        },
        {
            "item": "minecraft:obsidian"
        },
        {
            "item": "minecraft:obsidian"
        },
        {
            "item": "minecraft:obsidian"
        },
        {
            "item": "minecraft:obsidian"
        },
        {
            "item": "minecraft:obsidian"
        },
        {
            "item": "minecraft:obsidian"
        },
        {
            "item": "minecraft:obsidian"
        },
        {
            "item": "minecraft:obsidian"
        }
    ],
    "result": {
        "item": "minecraft:bedrock",
        "count": 1
    }
}