{
    "display": {
        "title": {
            "text": "Extra Recipes"
        },
        "description": {
            "text": "Unlocked all extra recipes"
        },
        "icon": {
            "item": "minecraft:oak_slab"
        },
        "frame": "task",
        "show_toast": true,
        "announce_to_chat": true,
        "hidden": false,
        "background": "minecraft:textures/gui/advancements/backgrounds/stone.png"
    },
    "criteria": {
        "recipes unlocked": {
            "trigger": "minecraft:inventory_changed",
            "conditions": {
                "items": [
                    {
                        "item": "minecraft:oak_slab",
                        "count": {
                            "min": 1
                        }
                    }
                ]
            }
        }
    },
    "rewards": {
        "recipes": [
            "extra_recipes:slabs_to_blocks/slab_to_oak_planks"
        ]
    }
}